{"cameraMode":{"drawMode":0,"name":"Shaded","section":"Shading Mode"},"sceneLighting":true,"audioPlay":false,"sceneViewState":{"showFog":false,"showMaterialUpdate":false,"showSkybox":false,"showFlares":false,"showImageEffects":false,"showParticleSystems":false},"in2DMode":false,"pivot":{"x":-2.174030303955078,"y":1.606582760810852,"z":1.7767939567565919},"rotation":{"x":0.12888172268867494,"y":0.7006713151931763,"z":-0.13098549842834474,"w":0.6894143223762512},"size":2.7362630367279054,"orthographic":false}